{"cameraMode":{"drawMode":0,"name":"Shaded","section":"Shading Mode"},"sceneLighting":false,"audioPlay":false,"sceneViewState":{"m_AlwaysRefresh":false,"showFog":true,"showSkybox":false,"showFlares":true,"showImageEffects":true,"showParticleSystems":true,"showVisualEffectGraphs":true,"m_FxEnabled":true},"in2DMode":false,"pivot":{"x":-4.349999904632568,"y":1.899999976158142,"z":-27.65999984741211},"rotation":{"x":0.23331432044506074,"y":-0.012236477807164193,"z":0.0029349778778851034,"w":0.9723359942436218},"size":1.2247449159622193,"orthographic":false}